City_ID,City,Country,Date,Lat,Lng,Max Temp,Humidity,Cloudiness,Wind Speed
0,Ushuaia,AR,2020-06-16 06:24:29,-54.8,-68.3,37.4,86,20,4.7
1,Hermanus,ZA,2020-06-16 06:24:29,-34.42,19.23,52.0,85,14,5.01
2,Cape Town,ZA,2020-06-16 06:20:57,-33.93,18.42,45.0,93,0,2.24
3,Coquimbo,CL,2020-06-16 06:24:29,-29.95,-71.34,55.4,82,87,4.7
4,Punta Arenas,CL,2020-06-16 06:24:05,-53.15,-70.92,35.6,93,28,10.29
5,Porto Novo,BJ,2020-06-16 06:24:30,6.5,2.6,78.8,94,40,4.7
6,Hilo,US,2020-06-16 06:21:26,19.73,-155.09,78.8,65,75,3.62
7,Padampur,IN,2020-06-16 06:24:30,29.68,73.62,112.75,6,0,6.24
8,Tuktoyaktuk,CA,2020-06-16 06:24:31,69.45,-133.04,59.0,47,90,8.05
9,Dingle,PH,2020-06-16 06:24:31,11.0,122.67,88.81,55,100,10.69
10,Nikolayevka,RU,2020-06-16 06:24:31,53.13,47.2,66.9,62,0,4.0
11,Torbay,CA,2020-06-16 06:24:32,47.67,-52.73,51.8,100,90,4.7
12,Port Alfred,ZA,2020-06-16 06:24:32,-33.59,26.89,57.0,94,75,2.26
13,Nioki,CD,2020-06-16 06:24:32,-2.72,17.68,73.76,61,5,2.75
14,San Patricio,MX,2020-06-16 06:23:08,19.22,-104.7,79.05,70,17,4.59
15,Asau,RO,2020-06-16 06:24:33,46.43,26.4,64.99,84,74,3.44
16,Atuona,PF,2020-06-16 06:24:33,-9.8,-139.03,80.31,74,75,14.47
17,Ponta Do Sol,PT,2020-06-16 06:24:33,32.67,-17.1,69.8,83,40,1.12
18,Mahebourg,MU,2020-06-16 06:24:34,-20.41,57.7,75.2,64,40,13.87
19,Changji,CN,2020-06-16 06:24:34,44.02,87.32,95.0,14,50,13.42
20,Kirakira,SB,2020-06-16 06:24:34,-10.45,161.92,82.42,78,99,12.73
21,Sitka,US,2020-06-16 06:24:35,57.05,-135.33,53.6,81,90,6.93
22,Mar Del Plata,AR,2020-06-16 06:21:54,-38.0,-57.56,55.0,100,90,9.17
23,Harper,LR,2020-06-16 06:24:35,4.38,-7.72,77.88,82,80,6.11
24,Cidreira,BR,2020-06-16 06:19:36,-30.18,-50.21,60.78,88,4,13.22
25,Khatanga,RU,2020-06-16 06:24:35,71.97,102.5,56.84,47,80,13.69
26,Upernavik,GL,2020-06-16 06:24:36,72.79,-56.15,31.01,96,46,12.06
27,Zaysan,KZ,2020-06-16 06:24:36,47.47,84.87,86.41,26,20,6.93
28,Mindelo,CV,2020-06-16 06:24:36,16.89,-24.98,80.6,69,0,8.05
29,Mataura,NZ,2020-06-16 06:24:37,-46.19,168.86,49.84,83,100,4.38
30,Shache,CN,2020-06-16 06:24:37,38.42,77.24,88.29,15,38,5.08
31,Berlevag,NO,2020-06-16 06:22:26,70.86,29.09,44.6,70,75,24.16
32,Noumea,NC,2020-06-16 06:20:12,-22.28,166.46,77.0,53,5,4.7
33,Bluff,NZ,2020-06-16 06:24:38,-46.6,168.33,54.55,80,89,13.53
34,Puerto Escondido,MX,2020-06-16 06:24:38,15.85,-97.07,81.45,77,73,4.83
35,Manacor,ES,2020-06-16 06:24:38,39.57,3.21,68.0,94,20,2.24
36,Ankang,CN,2020-06-16 06:24:39,32.68,109.02,88.14,57,100,8.03
37,Jamestown,US,2020-06-16 06:24:39,42.1,-79.24,55.4,62,1,3.36
38,Kavieng,PG,2020-06-16 06:22:39,-2.57,150.8,84.76,73,92,9.95
39,Okha,RU,2020-06-16 06:24:40,53.57,142.95,41.79,84,95,9.13
40,Rikitea,PF,2020-06-16 06:24:40,-23.12,-134.97,75.67,84,100,10.85
41,Nanortalik,GL,2020-06-16 06:24:40,60.14,-45.24,40.28,93,100,9.48
42,Sioux Lookout,CA,2020-06-16 06:22:23,50.1,-91.92,64.4,72,75,9.17
43,Tecpatan,MX,2020-06-16 06:24:40,17.13,-93.3,70.23,93,80,2.98
44,Sagar,IN,2020-06-16 06:24:40,23.83,78.72,97.25,32,92,7.49
45,Saint-Philippe,RE,2020-06-16 06:24:41,-21.36,55.77,73.4,60,49,20.8
46,Sao Jose Da Coroa Grande,BR,2020-06-16 06:23:07,-8.9,-35.15,76.73,83,55,13.71
47,Kapaa,US,2020-06-16 06:24:41,22.08,-159.32,78.8,74,75,17.22
48,Meulaboh,ID,2020-06-16 06:24:41,4.14,96.13,78.89,90,100,9.6
49,La Libertad,EC,2020-06-16 06:24:41,-2.23,-80.9,70.63,79,97,6.98
50,Fortuna,US,2020-06-16 06:24:42,40.6,-124.16,55.0,100,90,4.7
51,Tasiilaq,GL,2020-06-16 06:24:42,65.61,-37.64,37.4,86,36,8.05
52,Ahipara,NZ,2020-06-16 06:24:42,-35.17,173.17,57.4,85,100,8.25
53,Karratha,AU,2020-06-16 06:20:33,-20.74,116.85,83.3,29,0,12.73
54,Provideniya,RU,2020-06-16 06:24:42,64.38,-173.3,55.4,62,55,6.71
55,Port Blair,IN,2020-06-16 06:23:15,11.67,92.75,85.42,78,100,16.73
56,Coihaique,CL,2020-06-16 06:24:43,-45.58,-72.07,33.8,83,100,3.36
57,Alyangula,AU,2020-06-16 06:24:43,-13.85,136.42,84.2,58,75,10.29
58,Tabou,CI,2020-06-16 06:24:43,4.42,-7.35,77.83,82,73,5.01
59,Clyde River,CA,2020-06-16 06:24:43,70.47,-68.59,30.2,100,90,12.75
60,Merauke,ID,2020-06-16 06:24:44,-8.47,140.33,80.94,79,75,20.49
61,Avarua,CK,2020-06-16 06:24:44,-21.21,-159.78,71.6,60,56,4.7
62,Salalah,OM,2020-06-16 06:24:44,17.02,54.09,89.6,75,75,4.7
63,Hithadhoo,MV,2020-06-16 06:24:44,-0.6,73.08,84.76,75,27,14.63
64,Sandpoint,US,2020-06-16 06:24:45,48.28,-116.55,50.0,100,90,0.81
65,Teluk Nibung,ID,2020-06-16 06:24:45,3.0,99.82,85.75,75,100,4.23
66,Saint George,US,2020-06-16 06:22:28,37.1,-113.58,82.4,15,1,9.17
67,Cherskiy,RU,2020-06-16 06:24:46,68.75,161.3,78.42,25,8,5.77
68,Albany,US,2020-06-16 06:20:21,42.6,-73.97,55.99,70,0,2.89
69,Lubango,AO,2020-06-16 06:24:46,-14.92,13.49,51.8,64,0,2.24
70,Faanui,PF,2020-06-16 06:20:16,-16.48,-151.75,78.87,86,46,14.61
71,Bang Saphan,TH,2020-06-16 06:24:46,11.21,99.51,89.6,70,20,8.05
72,Lavrentiya,RU,2020-06-16 06:24:47,65.58,-171.0,52.36,55,8,4.18
73,Yumen,CN,2020-06-16 06:24:47,40.28,97.2,83.91,15,98,11.34
74,Carnarvon,AU,2020-06-16 06:24:47,-24.87,113.63,82.4,17,0,6.93
75,New Ulm,US,2020-06-16 06:24:47,44.31,-94.46,75.2,60,1,18.34
76,Kaitangata,NZ,2020-06-16 06:24:47,-46.28,169.85,55.0,64,100,1.01
77,Hay River,CA,2020-06-16 06:24:48,60.82,-115.8,39.2,93,40,6.93
78,Chuy,UY,2020-06-16 06:24:48,-33.7,-53.46,57.52,92,70,10.29
79,San Ignacio,BZ,2020-06-16 06:24:48,17.16,-89.07,77.0,77,86,1.03
80,New Norfolk,AU,2020-06-16 06:24:48,-42.78,147.06,43.0,77,64,3.0
81,Fez,MA,2020-06-16 06:24:48,34.04,-5.0,46.4,100,32,5.82
82,Snyder,US,2020-06-16 06:24:29,32.72,-100.92,77.0,50,1,8.05
83,Hastings,GB,2020-06-16 06:24:49,50.86,0.57,59.0,100,35,2.24
84,Yellowknife,CA,2020-06-16 06:22:18,62.46,-114.35,46.4,81,90,14.99
85,Thompson,CA,2020-06-16 06:22:44,55.74,-97.86,60.8,77,20,9.17
86,Avera,US,2020-06-16 06:24:50,33.19,-82.53,64.4,82,90,8.05
87,Cabo San Lucas,MX,2020-06-16 06:21:40,22.89,-109.91,81.0,65,0,14.54
88,Busselton,AU,2020-06-16 06:20:08,-33.65,115.33,64.99,48,92,14.83
89,Bac Lieu,VN,2020-06-16 06:24:51,9.29,105.72,88.25,62,100,8.1
90,Longyearbyen,SJ,2020-06-16 06:23:13,78.22,15.64,39.2,69,75,16.11
91,Schmalkalden,DE,2020-06-16 06:24:51,50.72,10.45,59.0,93,100,2.57
92,Pathein,MM,2020-06-16 06:21:39,16.78,94.73,83.61,77,99,7.56
93,Gwadar,PK,2020-06-16 06:24:52,25.12,62.33,88.75,68,45,7.83
94,Santa Rosa,PH,2020-06-16 06:23:19,14.31,121.11,95.0,56,40,10.29
95,Bathsheba,BB,2020-06-16 06:24:52,13.22,-59.52,80.6,74,20,14.99
96,Spornoye,RU,2020-06-16 06:24:53,50.84,37.29,73.4,40,45,11.18
97,Puerto Ayora,EC,2020-06-16 06:24:53,-0.74,-90.35,71.01,92,81,1.01
98,Marbella,ES,2020-06-16 06:24:42,36.52,-4.89,73.4,46,82,18.34
99,Bubaque,GW,2020-06-16 06:24:53,11.28,-15.83,79.36,84,100,14.47
100,Hobart,AU,2020-06-16 06:20:06,-42.88,147.33,44.6,70,40,25.28
101,Macau,MO,2020-06-16 06:24:53,22.2,113.55,87.8,89,40,14.99
102,Quatre Cocos,MU,2020-06-16 06:24:54,-20.21,57.76,75.99,64,40,13.87
103,La Ronge,CA,2020-06-16 06:24:54,55.1,-105.28,55.4,76,40,8.05
104,Phangnga,TH,2020-06-16 06:24:54,8.45,98.53,91.4,78,40,4.7
105,Naron,ES,2020-06-16 06:24:55,43.52,-8.15,60.01,93,100,3.36
106,Sisimiut,GL,2020-06-16 06:24:55,66.94,-53.67,39.56,71,91,4.56
107,Georgetown,MY,2020-06-16 06:24:33,5.41,100.34,89.6,70,20,5.82
108,Gornopravdinsk,RU,2020-06-16 06:24:55,60.05,69.9,76.37,39,34,8.81
109,Kuandian,CN,2020-06-16 06:24:55,40.73,124.78,79.3,49,10,3.2
110,Yaan,NG,2020-06-16 06:24:56,7.38,8.57,75.92,91,79,7.49
111,Lufilufi,WS,2020-06-16 06:24:56,-13.87,-171.6,86.0,79,84,8.99
112,Brae,GB,2020-06-16 06:24:56,60.4,-1.35,60.8,77,0,8.05
113,Beloha,MG,2020-06-16 06:24:56,-25.17,45.05,69.01,69,3,12.44
114,Codrington,AU,2020-06-16 06:24:57,-38.27,141.97,56.16,78,76,14.9
115,Barrow,US,2020-06-16 06:20:03,71.29,-156.79,33.8,86,90,16.11
116,Saskylakh,RU,2020-06-16 06:22:21,71.92,114.08,54.19,56,60,19.89
117,Kruisfontein,ZA,2020-06-16 06:24:58,-34.0,24.73,49.66,93,30,3.91
118,Machali,CL,2020-06-16 06:24:58,-34.18,-70.67,49.98,64,84,2.64
119,Praia Da Vitoria,PT,2020-06-16 06:24:58,38.73,-27.07,57.2,100,20,8.7
120,Vila Velha,BR,2020-06-16 06:24:58,-20.33,-40.29,69.8,94,90,3.36
121,Nantucket,US,2020-06-16 06:24:59,41.28,-70.1,55.0,87,1,8.05
122,Sunbury,AU,2020-06-16 06:24:47,-37.58,144.73,60.01,58,75,12.75
123,Lienz,AT,2020-06-16 06:24:59,46.83,12.77,57.2,67,98,4.99
124,Tornio,FI,2020-06-16 06:25:00,65.85,24.15,57.2,58,41,10.29
125,Ostrovnoy,RU,2020-06-16 06:25:00,68.05,39.51,45.37,64,94,18.43
126,Elat,IL,2020-06-16 06:25:00,29.56,34.95,77.0,47,0,9.17
127,Dudinka,RU,2020-06-16 06:25:00,69.41,86.18,44.6,93,90,24.61
128,Vaini,TO,2020-06-16 06:25:00,-21.2,-175.2,71.6,68,20,13.87
129,Camacha,PT,2020-06-16 06:25:01,33.08,-16.33,68.0,94,40,3.36
130,Dikson,RU,2020-06-16 06:25:01,73.51,80.55,32.72,98,31,12.35
131,Isangel,VU,2020-06-16 06:23:23,-19.55,169.27,74.23,71,31,16.82
132,Champerico,GT,2020-06-16 06:25:01,14.3,-91.92,78.01,84,97,6.62
133,Saint-Georges,GD,2020-06-16 06:20:14,12.06,-61.75,80.6,78,20,14.43
134,Jasper,US,2020-06-16 06:25:02,37.2,-94.35,75.2,69,1,5.82
135,Sampang,ID,2020-06-16 06:25:02,-7.19,113.24,85.78,67,49,9.95
136,Kenitra,MA,2020-06-16 06:25:04,34.26,-6.58,62.6,82,75,3.36
137,Vanimo,PG,2020-06-16 06:25:04,-2.67,141.3,85.15,65,70,5.37
138,Baykit,RU,2020-06-16 06:25:04,61.67,96.37,57.56,43,39,10.2
139,Tezu,IN,2020-06-16 06:25:04,27.92,96.17,83.82,76,76,1.81
140,Schiffdorf,DE,2020-06-16 06:25:05,53.53,8.65,64.0,63,40,1.12
141,Adrar,MR,2020-06-16 06:25:05,20.5,-10.07,93.47,17,0,17.05
142,Nabire,ID,2020-06-16 06:25:05,-3.37,135.48,81.03,76,100,4.99
143,Sao Joao Da Barra,BR,2020-06-16 06:22:41,-21.64,-41.05,69.39,82,100,14.36
144,Port Elizabeth,ZA,2020-06-16 06:22:22,-33.92,25.57,50.0,100,20,2.24
145,Lorengau,PG,2020-06-16 06:21:25,-2.02,147.27,84.36,73,100,9.89
146,Lebu,CL,2020-06-16 06:25:06,-37.62,-73.65,52.32,87,31,12.57
147,Sadiqabad,PK,2020-06-16 06:25:06,28.31,70.13,116.22,9,14,14.36
148,La Rioja,ES,2020-06-16 06:25:06,42.25,-2.5,59.0,82,20,8.05
149,Buin,CL,2020-06-16 06:25:08,-33.73,-70.75,44.6,100,77,8.05
150,Borodino,RU,2020-06-16 06:25:08,55.91,94.9,59.47,63,62,10.36
151,Bambanglipuro,ID,2020-06-16 06:25:08,-7.95,110.28,86.9,68,41,14.61
152,Esperance,AU,2020-06-16 06:25:08,-33.87,121.9,64.4,48,97,12.75
153,Bredasdorp,ZA,2020-06-16 06:25:09,-34.53,20.04,42.8,93,0,3.71
154,Qaanaaq,GL,2020-06-16 06:25:09,77.48,-69.36,29.71,92,0,0.76
155,Kodiak,US,2020-06-16 06:24:31,57.79,-152.41,53.6,71,90,9.17
156,Tiksi,RU,2020-06-16 06:25:10,71.69,128.87,59.72,56,82,22.39
157,Talara,PE,2020-06-16 06:25:10,-4.58,-81.27,66.18,80,34,12.71
158,Bambous Virieux,MU,2020-06-16 06:22:25,-20.34,57.76,75.99,64,40,13.87
159,Sri Aman,MY,2020-06-16 06:25:11,1.24,111.46,87.8,74,75,2.24
160,Talnakh,RU,2020-06-16 06:23:09,69.49,88.4,44.6,93,90,24.61
161,Cagdianao,PH,2020-06-16 06:25:12,9.92,125.67,83.75,73,15,11.18
162,Atar,MR,2020-06-16 06:25:12,20.52,-13.05,92.01,21,34,17.13
163,East London,ZA,2020-06-16 06:24:51,-33.02,27.91,53.6,87,20,5.82
164,Inhambane,MZ,2020-06-16 06:25:12,-23.86,35.38,64.4,82,75,11.48
165,Erdaojiang,CN,2020-06-16 06:25:13,41.78,126.03,79.25,34,0,6.17
166,Padang,ID,2020-06-16 06:25:13,-0.95,100.35,85.53,71,86,5.44
167,Aklavik,CA,2020-06-16 06:25:13,68.22,-135.01,69.8,30,90,10.29
168,Daru,PG,2020-06-16 06:25:13,-9.08,143.21,79.27,85,87,18.66
169,Maningrida,AU,2020-06-16 06:25:14,-12.07,134.27,87.6,47,67,12.5
170,Phan Thiet,VN,2020-06-16 06:25:14,10.93,108.1,85.03,68,100,3.83
171,Vestmannaeyjar,IS,2020-06-16 06:25:14,63.44,-20.27,47.5,73,91,10.47
172,Grand Gaube,MU,2020-06-16 06:25:15,-20.01,57.66,75.99,63,80,8.99
173,Camacupa,AO,2020-06-16 06:25:15,-12.02,17.48,49.05,75,0,4.36
174,Itoman,JP,2020-06-16 06:25:15,26.12,127.67,86.0,84,75,11.41
175,Douentza,ML,2020-06-16 06:25:16,15.0,-2.95,89.51,37,51,3.87
176,Homer,US,2020-06-16 06:25:16,59.64,-151.55,53.6,66,1,11.41
177,Norman Wells,CA,2020-06-16 06:25:16,65.28,-126.83,59.0,51,75,3.36
178,Gat,IL,2020-06-16 06:25:16,31.61,34.76,75.99,63,0,4.0
179,Vakhrushev,RU,2020-06-16 06:25:17,48.98,142.97,46.9,93,100,8.52
180,Fuzhou,CN,2020-06-16 06:25:17,26.06,119.31,89.6,66,20,17.9
181,Makakilo City,US,2020-06-16 06:23:13,21.35,-158.09,78.8,83,90,4.7
182,Husavik,IS,2020-06-16 06:25:17,66.04,-17.34,46.4,61,92,21.92
183,Narsaq,GL,2020-06-16 06:25:18,60.92,-46.05,39.2,86,100,8.05
184,Nishihara,JP,2020-06-16 06:25:18,26.18,127.76,86.0,79,75,17.22
185,Panzhihua,CN,2020-06-16 06:25:18,26.59,101.71,92.8,40,44,5.68
186,Victoria,HK,2020-06-16 06:23:15,22.29,114.16,84.99,91,0,5.99
187,Souillac,MU,2020-06-16 06:25:19,-20.52,57.52,75.2,64,40,13.87
188,Oranjestad,AW,2020-06-16 06:20:26,12.52,-70.03,82.4,83,75,24.16
189,Catacaos,PE,2020-06-16 06:25:19,-5.27,-80.68,66.83,75,14,6.73
190,Marawi,PH,2020-06-16 06:25:19,8.0,124.29,84.0,80,8,8.99
191,Lincoln,US,2020-06-16 06:21:38,40.8,-96.67,75.99,60,1,11.41
192,Kavaratti,IN,2020-06-16 06:25:20,10.57,72.64,86.0,74,90,11.41
193,Tecoanapa,MX,2020-06-16 06:25:20,16.52,-98.75,81.3,80,79,2.98
194,Kvitok,RU,2020-06-16 06:25:21,56.07,98.48,67.05,37,40,7.61
195,Tuatapere,NZ,2020-06-16 06:25:21,-46.13,167.68,52.16,87,63,5.86
196,Panaba,MX,2020-06-16 06:25:21,21.28,-88.27,75.13,91,0,5.75
197,Inverness,GB,2020-06-16 06:25:21,57.48,-4.22,55.99,93,75,3.36
198,Maniitsoq,GL,2020-06-16 06:25:21,65.42,-52.9,36.45,89,99,4.61
199,Mgandu,TZ,2020-06-16 06:25:22,-5.95,34.13,61.45,64,46,11.61
200,Price,US,2020-06-16 06:25:22,39.6,-110.81,62.6,25,1,6.93
201,Airai,TL,2020-06-16 06:25:22,-8.93,125.41,69.62,83,77,4.81
202,Pevek,RU,2020-06-16 06:25:23,69.7,170.31,45.9,65,15,4.47
203,Magway,MM,2020-06-16 06:25:23,20.15,94.92,95.45,46,99,13.62
204,Waipawa,NZ,2020-06-16 06:25:23,-41.41,175.52,55.99,77,75,1.99
205,Raga,SS,2020-06-16 06:25:24,8.46,25.68,76.51,74,57,5.32
206,Lokoja,NG,2020-06-16 06:25:24,7.8,6.74,76.32,94,100,4.79
207,Acapulco,MX,2020-06-16 06:23:42,16.86,-99.89,80.96,79,58,4.9
208,Ayagoz,KZ,2020-06-16 06:25:24,47.97,80.44,77.74,40,43,19.82
209,Arlit,NE,2020-06-16 06:25:25,18.74,7.39,93.47,10,1,10.78
210,Luderitz,NA,2020-06-16 06:25:25,-26.65,15.16,69.8,11,0,24.16
211,Ndele,CF,2020-06-16 06:25:25,8.41,20.65,74.34,87,75,5.73
212,Crawley,GB,2020-06-16 06:25:25,51.11,-0.18,60.01,93,75,1.12
213,College,US,2020-06-16 06:25:26,64.86,-147.8,62.01,82,75,5.82
214,Viedma,AR,2020-06-16 06:23:02,-40.81,-63.0,46.45,56,100,10.33
215,Jalu,LY,2020-06-16 06:25:26,29.03,21.55,74.84,63,0,20.24
216,Richards Bay,ZA,2020-06-16 06:25:27,-28.78,32.04,58.26,66,2,9.01
217,Sidney,AU,2020-06-16 06:22:25,-33.87,151.21,69.01,42,1,11.41
218,Deputatskiy,RU,2020-06-16 06:25:27,69.3,139.9,72.09,33,94,13.22
219,Chokurdakh,RU,2020-06-16 06:22:25,70.63,147.92,80.47,27,87,3.91
220,Leningradskiy,RU,2020-06-16 06:25:29,69.38,178.42,50.59,68,0,7.31
221,Perth,AU,2020-06-16 06:23:23,-31.93,115.83,71.01,40,1,10.29
222,Do Gonbadan,IR,2020-06-16 06:25:29,30.36,50.8,100.4,14,0,5.53
223,Amuntai,ID,2020-06-16 06:25:29,-2.42,115.25,84.0,74,62,4.16
224,Haines Junction,CA,2020-06-16 06:23:34,60.75,-137.51,56.89,66,100,6.06
225,Kholm,RU,2020-06-16 06:25:30,59.27,32.85,74.59,68,58,3.06
226,Portland,US,2020-06-16 06:20:50,45.52,-122.68,55.99,77,87,6.26
227,Kamaishi,JP,2020-06-16 06:25:30,39.27,141.88,73.4,69,75,10.29
228,Butaritari,KI,2020-06-16 06:25:31,3.07,172.79,84.38,74,7,8.52
229,Burnie,AU,2020-06-16 06:25:31,-41.07,145.92,53.01,62,86,13.0
230,East Wenatchee Bench,US,2020-06-16 06:25:31,47.43,-120.28,55.4,66,20,10.29
231,Kenai,US,2020-06-16 06:25:31,60.55,-151.26,57.2,76,1,21.92
232,Salta,AR,2020-06-16 06:25:32,-24.79,-65.41,44.6,87,44,5.82
233,Iqaluit,CA,2020-06-16 06:25:32,63.75,-68.51,35.6,74,90,9.17
234,Tonaya,MX,2020-06-16 06:25:32,19.78,-103.97,76.33,73,83,2.35
235,Nikolskoye,RU,2020-06-16 06:22:20,59.7,30.79,77.0,53,4,4.47
236,Vijayawada,IN,2020-06-16 06:25:33,16.52,80.62,96.8,47,20,4.7
237,Whitecourt,CA,2020-06-16 06:25:33,54.15,-115.69,50.97,72,76,2.46
238,Sambava,MG,2020-06-16 06:25:33,-14.27,50.17,72.97,86,100,13.04
239,Bilma,NE,2020-06-16 06:25:34,18.69,12.92,89.24,14,0,17.09
240,Panjab,AF,2020-06-16 06:25:34,34.39,67.02,67.3,22,0,11.12
241,Coahuayana,MX,2020-06-16 06:25:34,18.73,-103.68,77.61,79,9,1.36
242,Nouakchott,MR,2020-06-16 06:20:55,18.09,-15.98,75.2,88,35,11.41
243,Yenagoa,NG,2020-06-16 06:25:35,4.92,6.26,75.34,95,86,4.72
244,Bengkulu,ID,2020-06-16 06:25:35,-3.8,102.27,87.35,64,47,10.38
245,Dunedin,NZ,2020-06-16 06:23:23,-45.87,170.5,59.0,65,23,1.99
246,San Rafael,AR,2020-06-16 06:21:20,-34.62,-68.33,46.63,52,0,3.31
247,Miraflores,MX,2020-06-16 06:25:36,19.22,-98.81,60.8,51,5,9.17
248,Roswell,US,2020-06-16 06:20:41,34.02,-84.36,62.6,82,20,4.7
249,Casma,CL,2020-06-16 06:25:37,-41.01,-73.12,51.8,87,80,12.75
250,Katsuura,JP,2020-06-16 06:25:37,35.13,140.3,87.01,61,20,17.22
251,Eureka,US,2020-06-16 06:25:37,40.8,-124.16,55.0,93,75,3.96
252,Port Lincoln,AU,2020-06-16 06:25:37,-34.73,135.87,60.8,65,33,12.33
253,Cockburn Town,TC,2020-06-16 06:22:21,21.46,-71.14,81.68,81,100,14.45
254,Axim,GH,2020-06-16 06:25:38,4.87,-2.24,78.3,83,98,3.31
255,Holbeach,GB,2020-06-16 06:25:38,52.8,0.01,57.0,92,56,3.06
256,Saqqez,IR,2020-06-16 06:25:39,36.25,46.27,79.25,25,0,3.27
257,Turkistan,KZ,2020-06-16 06:25:39,43.0,68.0,83.41,15,0,18.61
258,Lar,IN,2020-06-16 06:25:39,26.2,83.97,88.97,65,94,15.1
259,Veraval,IN,2020-06-16 06:25:40,20.9,70.37,89.15,72,98,10.4
260,Fairbanks,US,2020-06-16 06:22:47,64.84,-147.72,62.01,77,75,5.82
261,Neuquen,AR,2020-06-16 06:25:40,-38.95,-68.06,32.0,59,98,2.24
262,Saint Anthony,US,2020-06-16 06:25:40,45.02,-93.22,73.4,49,1,13.87
263,Mayo,US,2020-06-16 06:25:40,38.89,-76.51,64.99,72,1,6.93
264,Pavlodar,KZ,2020-06-16 06:24:46,52.3,76.95,68.0,30,75,15.66
265,Bethel,US,2020-06-16 06:24:29,41.37,-73.41,54.0,87,1,3.36
266,Bonthe,SL,2020-06-16 06:25:41,7.53,-12.51,77.7,89,53,5.66
267,Andenes,NO,2020-06-16 06:25:41,69.31,16.12,46.4,81,75,4.7
268,Whyalla,AU,2020-06-16 06:25:42,-33.03,137.58,68.0,45,49,11.41
269,Tabas,IR,2020-06-16 06:25:42,33.6,56.92,102.2,15,0,9.17
270,Severo-Kurilsk,RU,2020-06-16 06:22:48,50.68,156.12,42.87,83,97,14.16
271,Kuito,AO,2020-06-16 06:25:43,-12.38,16.93,49.71,71,0,2.59
272,Oktyabrskoye,RU,2020-06-16 06:25:43,43.06,44.74,75.2,60,40,4.47
273,Brigantine,US,2020-06-16 06:25:43,39.41,-74.36,61.0,87,1,3.36
274,Shakhtinsk,KZ,2020-06-16 06:25:43,49.71,72.59,66.2,59,40,29.08
275,Usinsk,RU,2020-06-16 06:25:43,65.99,57.53,51.55,49,100,12.08
276,Pangnirtung,CA,2020-06-16 06:25:44,66.15,-65.71,33.96,89,100,1.77
277,Grindavik,IS,2020-06-16 06:25:44,63.84,-22.43,46.4,81,40,14.99
278,Bunbury,AU,2020-06-16 06:25:44,-33.33,115.63,64.99,48,74,15.08
279,Great Falls,US,2020-06-16 06:25:44,47.5,-111.3,50.0,81,1,9.17
280,Catamarca,AR,2020-06-16 06:25:45,-28.47,-65.79,53.01,64,3,1.99
281,Durango,MX,2020-06-16 06:24:22,24.83,-104.83,66.43,37,0,2.1
282,Buenos Aires,AR,2020-06-16 06:24:03,-34.61,-58.38,59.0,87,90,8.05
283,Saldanha,ZA,2020-06-16 06:25:45,-33.01,17.94,48.2,81,0,1.12
284,Ust-Katav,RU,2020-06-16 06:25:45,54.94,58.17,69.19,50,1,4.79
285,Songea,TZ,2020-06-16 06:25:46,-10.68,35.65,62.6,63,75,13.87
286,Cody,US,2020-06-16 06:24:01,44.53,-109.06,61.0,41,1,4.61
287,Ponerihouen,NC,2020-06-16 06:25:46,-21.08,165.4,72.23,77,9,8.25
288,Mpika,ZM,2020-06-16 06:25:46,-11.83,31.45,56.61,64,4,9.75
289,Cabatuan,PH,2020-06-16 06:22:53,10.88,122.49,88.41,58,100,11.52
290,Cayenne,GF,2020-06-16 06:20:54,4.93,-52.33,77.0,100,95,3.76
291,Ribeira Grande,PT,2020-06-16 06:25:47,38.52,-28.7,60.8,82,20,12.75
292,Osorno,CL,2020-06-16 06:25:47,-40.57,-73.15,51.8,87,74,12.75
293,Linqiong,CN,2020-06-16 06:24:33,30.42,103.46,93.0,62,40,6.71
294,Lasa,IT,2020-06-16 06:25:48,46.62,10.7,48.2,93,75,5.82
295,Hamilton,US,2020-06-16 06:25:48,39.18,-84.53,64.4,100,1,4.61
296,Newtownards,GB,2020-06-16 06:21:00,54.59,-5.69,57.99,93,34,3.36
297,Aracati,BR,2020-06-16 06:25:49,-4.56,-37.77,74.61,90,50,9.66
298,Te Anau,NZ,2020-06-16 06:25:49,-45.42,167.72,51.6,87,92,4.63
299,Klaksvik,FO,2020-06-16 06:25:49,62.23,-6.59,51.8,100,90,5.82
300,Paka,MY,2020-06-16 06:25:50,4.64,103.44,89.6,79,40,4.7
301,Buala,SB,2020-06-16 06:25:50,-8.14,159.59,82.74,76,100,7.25
302,Kharp,RU,2020-06-16 06:25:50,66.8,65.81,45.66,59,97,9.73
303,Bela,IN,2020-06-16 06:25:51,25.93,81.98,97.47,44,38,9.04
304,Ixtapa,MX,2020-06-16 06:25:51,20.7,-105.2,78.01,73,5,1.79
305,Sayat,TM,2020-06-16 06:25:51,38.78,63.88,93.2,21,0,9.17
306,Sibirskiy,RU,2020-06-16 06:25:51,53.58,83.76,64.4,34,40,8.95
307,Kristiansund,NO,2020-06-16 06:25:35,63.11,7.73,55.4,93,90,5.82
308,Cabra,ES,2020-06-16 06:25:52,37.47,-4.44,64.0,63,100,1.5
309,Thinadhoo,MV,2020-06-16 06:25:52,0.53,72.93,84.18,77,50,11.74
310,Calbuco,CL,2020-06-16 06:25:53,-41.77,-73.13,51.8,87,75,17.22
311,Los Llanos De Aridane,ES,2020-06-16 06:25:53,28.66,-17.92,71.6,78,88,4.7
312,Burghausen,DE,2020-06-16 06:25:53,48.17,12.83,57.0,99,100,4.25
313,Ambon,ID,2020-06-16 06:25:53,-3.7,128.18,78.8,94,75,6.93
314,Ancud,CL,2020-06-16 06:25:53,-41.87,-73.82,52.0,93,90,18.34
315,Springbok,ZA,2020-06-16 06:25:54,-29.66,17.89,47.66,41,0,24.2
316,Chernyshevsk,RU,2020-06-16 06:25:54,52.52,117.02,85.08,27,21,5.5
317,Prince Rupert,CA,2020-06-16 06:21:03,54.32,-130.32,51.8,87,75,3.36
318,Aykhal,RU,2020-06-16 06:25:54,66.0,111.5,55.4,54,90,8.95
319,Lafia,NG,2020-06-16 06:25:54,8.48,8.52,76.73,85,65,5.39
320,Kaeo,NZ,2020-06-16 06:25:55,-35.1,173.78,55.99,3,100,5.97
321,Litovko,RU,2020-06-16 06:25:55,49.24,135.17,61.54,66,100,13.24
322,Inuvik,CA,2020-06-16 06:25:55,68.35,-133.72,69.8,30,90,10.29
323,Lyuban,BY,2020-06-16 06:25:55,52.8,28.0,70.09,85,19,4.54
324,Freire,CL,2020-06-16 06:25:56,-38.95,-72.63,51.8,93,90,4.7
325,Minot,US,2020-06-16 06:22:27,48.23,-101.3,57.2,67,1,3.36
326,Vostok,RU,2020-06-16 06:25:56,46.49,135.88,57.09,81,99,3.36
327,Nome,US,2020-06-16 06:22:59,64.5,-165.41,63.0,67,1,3.36
328,Seoul,KR,2020-06-16 06:23:26,37.57,126.98,89.6,42,40,2.24
329,Doha,QA,2020-06-16 06:25:57,25.29,51.53,109.4,17,97,14.99
330,Astoria,US,2020-06-16 06:25:57,46.19,-123.83,53.01,93,90,8.05
331,Mount Isa,AU,2020-06-16 06:23:10,-20.73,139.5,80.6,30,26,11.41
332,Seymchan,RU,2020-06-16 06:25:57,62.88,152.43,80.19,25,97,4.18
333,Dzhebariki-Khaya,RU,2020-06-16 06:25:57,62.22,135.8,69.31,46,59,0.87
334,Sakaiminato,JP,2020-06-16 06:25:58,35.55,133.23,78.8,57,20,8.05
335,Invermere,CA,2020-06-16 06:25:58,50.52,-116.04,48.09,68,93,3.89
336,Korla,CN,2020-06-16 06:25:58,41.76,86.15,89.55,12,2,6.02
337,Montepuez,MZ,2020-06-16 06:25:58,-13.13,39.0,66.06,69,1,12.01
338,Sabha,LY,2020-06-16 06:21:17,27.04,14.43,70.99,37,0,14.83
339,Synya,RU,2020-06-16 06:25:59,65.37,58.04,52.5,54,100,5.48
340,Verkhnyaya Inta,RU,2020-06-16 06:25:59,65.98,60.31,50.45,61,100,11.52
341,Malanje,AO,2020-06-16 06:25:59,-9.54,16.34,55.24,56,0,6.71
342,Batagay-Alyta,RU,2020-06-16 06:26:00,67.8,130.41,72.07,33,85,19.44
343,Caravelas,BR,2020-06-16 06:26:00,-17.71,-39.25,74.86,78,97,10.69
344,Umm Lajj,SA,2020-06-16 06:26:00,25.02,37.27,85.68,45,0,12.93
345,Emirdag,TR,2020-06-16 06:26:00,39.02,31.15,68.0,77,57,2.24
346,Auki,SB,2020-06-16 06:26:01,-8.77,160.7,81.93,80,99,4.85
347,Cururupu,BR,2020-06-16 06:26:01,-1.83,-44.87,74.19,95,62,2.42
348,Abalak,RU,2020-06-16 06:26:01,58.13,68.59,73.87,45,16,7.72
349,Quelimane,MZ,2020-06-16 06:26:01,-17.88,36.89,68.0,88,75,3.36
350,Suicheng,CN,2020-06-16 06:26:02,33.9,117.93,79.09,52,100,10.29
351,Pionerskiy,RU,2020-06-16 06:26:02,54.95,20.23,60.8,82,40,6.71
352,San Carlos De Bariloche,AR,2020-06-16 06:26:02,-41.15,-71.31,33.8,85,90,4.7
353,Tocopilla,CL,2020-06-16 06:26:02,-22.09,-70.2,60.22,69,26,5.19
354,Luena,AO,2020-06-16 06:26:03,-11.78,19.92,51.39,67,0,5.41
355,Masvingo,ZW,2020-06-16 06:26:03,-20.06,30.83,53.44,67,0,9.53
356,Ayan,RU,2020-06-16 06:26:03,56.45,138.17,50.7,65,90,3.69
357,Youghal,IE,2020-06-16 06:26:03,51.95,-7.85,57.0,93,75,10.29
358,Alta Gracia,AR,2020-06-16 06:26:04,-31.65,-64.43,53.01,75,31,5.82
359,Tinskoy,RU,2020-06-16 06:26:04,56.15,96.92,63.75,48,17,9.06
360,Lancaster,US,2020-06-16 06:26:04,40.25,-76.25,57.99,80,100,3.22
361,Kloulklubed,PW,2020-06-16 06:26:05,7.04,134.26,84.2,74,75,5.82
362,Kununurra,AU,2020-06-16 06:26:05,-15.77,128.73,89.6,21,0,10.29
363,Alofi,NU,2020-06-16 06:26:05,-19.06,-169.92,73.4,64,13,17.22
364,Sahbuz,AZ,2020-06-16 06:26:05,39.41,45.57,71.6,49,0,4.7
365,Hofn,IS,2020-06-16 06:26:06,64.25,-15.21,47.41,78,43,9.84
366,Akdepe,TM,2020-06-16 06:26:06,42.06,59.38,77.0,25,21,16.11
367,Isiro,CD,2020-06-16 06:23:28,2.77,27.62,70.56,93,31,1.88
368,Tarko-Sale,RU,2020-06-16 06:26:06,64.92,77.78,57.0,85,100,21.27
369,Biak,ID,2020-06-16 06:26:07,-0.91,122.88,82.0,77,16,8.84
370,Vardo,NO,2020-06-16 06:22:33,70.37,31.11,44.6,65,40,21.92
371,Port-Cartier,CA,2020-06-16 06:26:07,50.03,-66.87,39.2,86,75,3.36
372,Netivot,IL,2020-06-16 06:26:08,31.42,34.59,77.0,63,0,1.99
373,Zaltan,LY,2020-06-16 06:26:08,32.95,11.87,72.99,47,0,3.13
374,Henties Bay,NA,2020-06-16 06:26:08,-22.12,14.28,71.01,23,0,1.99
375,Xuzhou,CN,2020-06-16 06:26:08,34.18,117.16,76.98,61,100,8.55
376,Yuzhno-Kurilsk,RU,2020-06-16 06:26:08,44.03,145.86,51.84,97,100,11.39
377,Yar-Sale,RU,2020-06-16 06:26:09,66.83,70.83,49.5,53,96,16.11
378,Aswan,EG,2020-06-16 06:26:09,24.09,32.91,82.4,28,0,6.93
379,Wajir,KE,2020-06-16 06:26:09,1.75,40.06,77.0,69,75,6.93
380,Port Hedland,AU,2020-06-16 06:23:19,-20.32,118.57,87.8,23,0,10.29
381,Chapais,CA,2020-06-16 06:26:10,49.78,-74.85,53.6,62,1,5.82
382,Gazojak,TM,2020-06-16 06:26:10,41.19,61.4,84.49,18,0,17.96
383,Natal,BR,2020-06-16 06:21:38,-5.79,-35.21,73.4,94,90,2.24
384,Takoradi,GH,2020-06-16 06:26:11,4.88,-1.76,78.31,83,99,3.06
385,Guerrero Negro,MX,2020-06-16 06:26:11,27.98,-114.06,62.96,89,0,13.38
386,Boke,GN,2020-06-16 06:26:13,10.94,-14.3,75.81,91,100,1.36
387,Sarangani,PH,2020-06-16 06:26:13,5.4,125.46,82.74,76,80,9.73
388,Talcahuano,CL,2020-06-16 06:22:16,-36.72,-73.12,53.6,100,24,11.41
389,Flin Flon,CA,2020-06-16 06:26:13,54.77,-101.86,55.87,76,40,11.27
390,Fountain,US,2020-06-16 06:26:13,38.68,-104.7,66.2,29,1,8.05
391,Vao,NC,2020-06-16 06:26:14,-22.67,167.48,73.81,77,15,18.63
392,Manta,EC,2020-06-16 06:26:14,-0.95,-80.73,72.12,81,71,9.89
393,Constitucion,CL,2020-06-16 06:26:14,-35.33,-72.42,55.27,91,100,16.42
394,Ephrata,US,2020-06-16 06:24:00,40.18,-76.18,57.99,79,100,3.18
395,Broken Hill,AU,2020-06-16 06:26:15,-31.95,141.43,66.2,39,1,12.75
396,Goderich,CA,2020-06-16 06:26:15,43.75,-81.72,60.01,65,0,1.01
397,Sao Felix Do Xingu,BR,2020-06-16 06:26:15,-6.64,-51.99,70.97,94,20,1.97
398,Muzhi,RU,2020-06-16 06:26:15,65.37,64.67,57.22,51,96,19.3
399,Sur,OM,2020-06-16 06:26:16,22.57,59.53,101.3,32,88,2.13
400,Port Hardy,CA,2020-06-16 06:23:44,50.7,-127.42,51.8,87,75,3.36
401,Belyy Yar,RU,2020-06-16 06:26:16,53.6,91.39,64.4,52,14,4.47
402,Krasnoselkup,RU,2020-06-16 06:26:16,65.7,82.47,53.13,82,100,22.08
403,Poum,NC,2020-06-16 06:26:17,-20.23,164.02,75.16,72,0,9.28
404,Northam,GB,2020-06-16 06:26:17,51.03,-4.22,60.01,92,44,3.11
405,San Quintin,MX,2020-06-16 06:26:17,30.48,-115.95,62.31,86,2,5.86
406,Sucua,EC,2020-06-16 06:26:18,-2.47,-78.17,67.21,78,99,2.26
407,Kibala,TD,2020-06-16 06:26:18,9.11,18.35,77.0,88,41,6.93
408,Lompoc,US,2020-06-16 06:23:36,34.64,-120.46,55.4,87,100,10.29
409,Chumikan,RU,2020-06-16 06:26:18,54.72,135.31,39.67,95,100,1.05
410,Hambantota,LK,2020-06-16 06:26:19,6.12,81.12,89.6,75,75,14.99
411,Oranjemund,NA,2020-06-16 06:26:19,-28.55,16.43,61.3,29,18,28.61
412,Toktogul,KG,2020-06-16 06:26:19,41.87,72.94,72.45,42,3,2.89
413,Havre-Saint-Pierre,CA,2020-06-16 06:26:20,50.23,-63.6,44.6,93,75,5.82
414,Omboue,GA,2020-06-16 06:26:20,-1.57,9.26,72.82,91,78,5.5
415,Chernitsyno,RU,2020-06-16 06:26:20,51.51,36.05,73.4,40,30,13.42
416,Ustupo,PA,2020-06-16 06:26:20,9.13,-77.93,79.21,84,86,2.89
417,Tambopata,PE,2020-06-16 06:26:21,-12.73,-69.18,67.55,86,100,1.12
418,Matara,LK,2020-06-16 06:26:21,5.95,80.54,83.82,81,95,12.35
419,Novobirilyussy,RU,2020-06-16 06:26:21,56.95,90.67,57.31,48,41,6.55
420,Pistoia,IT,2020-06-16 06:26:21,43.97,10.83,64.99,90,89,2.3
421,Offenburg,DE,2020-06-16 06:26:21,48.48,7.93,62.01,82,100,1.99
422,Biryusinsk,RU,2020-06-16 06:26:22,55.96,97.82,65.21,43,43,7.31
423,Ghanzi,BW,2020-06-16 06:26:22,-21.57,21.78,44.17,51,0,7.99
424,Cootamundra,AU,2020-06-16 06:26:22,-34.65,148.03,57.99,77,85,3.0
425,Gboko,NG,2020-06-16 06:26:23,7.32,9.0,75.16,92,86,11.5
426,Vikulovo,RU,2020-06-16 06:26:23,56.82,70.61,67.3,51,3,3.85
427,Svetlogorsk,BY,2020-06-16 06:23:40,52.63,29.73,70.09,90,25,7.05
428,Teguise,ES,2020-06-16 06:26:24,29.06,-13.56,71.6,83,20,5.82
429,Yuzhou,CN,2020-06-16 06:26:24,34.16,113.46,66.2,93,90,11.18
430,High Level,CA,2020-06-16 06:26:24,58.52,-117.14,57.2,100,75,9.17
431,Arraial Do Cabo,BR,2020-06-16 06:26:24,-22.97,-42.03,69.69,79,98,13.8
432,Mamallapuram,IN,2020-06-16 06:26:25,12.63,80.17,98.6,42,40,9.17
433,Maragogi,BR,2020-06-16 06:22:58,-9.01,-35.22,76.08,84,55,13.47
434,Markapur,IN,2020-06-16 06:26:25,15.73,79.28,90.27,52,100,14.56
435,Tahe,CN,2020-06-16 06:26:26,52.33,124.73,74.79,31,37,9.06
436,Manadhoo,MV,2020-06-16 06:26:26,5.77,73.38,84.88,78,99,17.49
437,Sulangan,PH,2020-06-16 06:26:26,11.14,123.72,83.66,68,77,7.92
438,Sola,VU,2020-06-16 06:26:26,-13.88,167.55,81.39,76,100,23.96
439,Camalu,MX,2020-06-16 06:26:26,30.85,-116.07,54.0,63,1,2.84
440,Beringovskiy,RU,2020-06-16 06:26:27,63.05,179.32,43.95,84,27,4.21
441,Peruibe,BR,2020-06-16 06:26:27,-24.32,-47.0,67.1,91,94,6.49
442,Salvador,SV,2020-06-16 06:26:27,13.83,-88.92,75.2,100,75,4.7
443,Beyneu,KZ,2020-06-16 06:26:28,45.32,55.2,79.09,23,4,17.43
444,Shahreza,IR,2020-06-16 06:26:28,32.03,51.88,81.55,14,0,6.73
445,Singarayakonda,IN,2020-06-16 06:26:28,15.25,80.03,94.89,45,99,17.31
446,Shingu,JP,2020-06-16 06:23:09,33.73,135.98,80.6,65,40,9.17
447,Pisco,PE,2020-06-16 06:26:29,-13.7,-76.22,64.4,82,90,6.93
448,Itaituba,BR,2020-06-16 06:23:17,-4.28,-55.98,76.66,76,67,0.38
449,Muisne,EC,2020-06-16 06:23:47,0.6,-80.03,74.82,91,99,12.97
450,Vayalar,IN,2020-06-16 06:26:29,9.7,76.33,80.6,88,75,9.17
451,Pemba,MZ,2020-06-16 06:26:29,-12.97,40.52,71.6,68,40,11.41
452,Ewo,CG,2020-06-16 06:26:30,-0.87,14.82,76.23,79,28,3.76
453,Taoudenni,ML,2020-06-16 06:26:30,22.68,-3.98,93.29,13,0,12.71
454,Vera Cruz,BR,2020-06-16 06:26:30,-12.63,-41.03,62.11,97,10,3.11
455,Muros,ES,2020-06-16 06:23:07,42.78,-9.06,57.0,94,82,4.63
456,Kidero,RU,2020-06-16 06:26:30,42.19,45.96,67.69,39,27,3.96
457,Ewa Beach,US,2020-06-16 06:26:22,21.32,-158.01,78.8,65,20,12.75
458,Labuhan,ID,2020-06-16 06:26:31,-6.88,112.21,86.81,66,84,9.04
459,Ajdabiya,LY,2020-06-16 06:26:31,30.76,20.23,74.3,68,0,22.24
460,Tikapur,NP,2020-06-16 06:26:31,28.5,81.13,100.89,35,0,6.42
461,Weinan,CN,2020-06-16 06:26:32,34.5,109.51,71.01,93,90,4.47
462,Zig,US,2020-06-16 06:26:32,40.13,-92.77,68.0,60,1,6.93
463,Poso,ID,2020-06-16 06:26:32,-1.4,120.75,86.5,64,75,5.93
464,Salym,RU,2020-06-16 06:26:32,60.06,71.48,72.99,45,45,8.77
465,Oistins,BB,2020-06-16 06:26:33,13.07,-59.53,80.6,74,20,14.99
466,Imbituba,BR,2020-06-16 06:26:33,-28.24,-48.67,62.6,100,75,4.7
467,Chihuahua,MX,2020-06-16 06:23:19,28.5,-106.0,78.01,30,58,5.84
468,Smidovich,RU,2020-06-16 06:26:34,48.6,133.82,60.37,77,96,3.47
469,Wuxue,CN,2020-06-16 06:26:34,29.85,115.55,94.6,55,54,6.49
470,Port-Gentil,GA,2020-06-16 06:26:34,-0.72,8.78,75.2,94,90,5.82
471,Faya,SA,2020-06-16 06:26:34,18.39,42.45,84.2,13,4,8.05
472,Okahandja,NA,2020-06-16 06:26:35,-21.98,16.92,44.6,26,0,4.7
473,Palmer,US,2020-06-16 06:26:35,42.16,-72.33,51.01,93,1,1.57
474,Aripuana,BR,2020-06-16 06:26:35,-9.17,-60.63,71.28,79,11,2.24
475,Berdigestyakh,RU,2020-06-16 06:26:35,62.1,126.7,72.39,42,39,6.42
476,Vagay,RU,2020-06-16 06:26:36,57.94,69.02,73.62,47,29,6.82
477,Prince George,CA,2020-06-16 06:26:36,53.92,-122.75,54.0,71,20,2.24
478,Poro,PH,2020-06-16 06:26:36,10.63,124.41,87.8,62,75,8.05
479,Algiers,DZ,2020-06-16 06:25:06,36.75,3.04,66.2,55,22,1.97
480,Truckee,US,2020-06-16 06:25:35,39.33,-120.18,50.0,57,1,11.41
481,Narrabri,AU,2020-06-16 06:26:37,-30.32,149.78,68.0,48,0,6.93
482,Laguna,US,2020-06-16 06:26:37,38.42,-121.42,64.0,67,1,4.7
483,Castro,BR,2020-06-16 06:26:37,-24.79,-50.01,56.46,89,92,8.63
484,Wajima,JP,2020-06-16 06:26:37,37.4,136.9,71.6,73,40,6.93
485,Nizwa,OM,2020-06-16 06:26:37,22.93,57.53,102.87,17,99,3.18
486,Turbat,PK,2020-06-16 06:26:38,26.0,63.04,98.65,34,65,7.74
487,Bilibino,RU,2020-06-16 06:26:38,68.05,166.44,72.88,31,51,1.16
488,Zhaotong,CN,2020-06-16 06:26:38,27.32,103.72,80.19,55,71,9.26
489,Vestmanna,FO,2020-06-16 06:26:38,62.16,-7.17,51.8,100,68,5.82
490,Miranda,CO,2020-06-16 06:26:39,3.25,-76.23,68.0,94,20,2.24
491,Sibolga,ID,2020-06-16 06:26:39,1.74,98.78,86.97,63,100,6.31
492,Nardaran,AZ,2020-06-16 06:26:39,40.56,50.01,86.0,48,75,20.8
493,Boulder City,US,2020-06-16 06:26:06,35.98,-114.83,86.0,12,1,4.7
494,Zheleznodorozhnyy,RU,2020-06-16 06:26:39,55.75,38.0,73.0,73,98,4.47
495,Geraldton,AU,2020-06-16 06:26:40,-28.77,114.6,75.2,22,0,13.87
496,Asfi,MA,2020-06-16 06:26:40,32.3,-9.24,66.61,76,75,11.41
497,Storforshei,NO,2020-06-16 06:26:40,66.4,14.52,51.8,81,40,5.82
498,Kentwood,US,2020-06-16 06:26:40,42.87,-85.64,61.0,82,1,6.04
499,Iracoubo,GF,2020-06-16 06:26:41,5.48,-53.2,75.79,90,100,3.87
500,Bourail,NC,2020-06-16 06:26:41,-21.57,165.48,73.29,67,8,4.27
501,Mehamn,NO,2020-06-16 06:26:41,71.04,27.85,44.6,70,75,19.46
502,Itarema,BR,2020-06-16 06:26:42,-2.92,-39.92,75.78,89,19,9.55
503,Sayyan,YE,2020-06-16 06:26:42,15.17,44.32,72.95,20,92,9.42
504,Gizo,SB,2020-06-16 06:26:42,-8.1,156.84,82.31,75,71,12.12
505,Trabzon,TR,2020-06-16 06:26:42,40.92,39.83,75.2,73,24,4.7
506,Arman,RU,2020-06-16 06:26:42,59.7,150.17,60.4,46,0,6.73
507,Innisfail,AU,2020-06-16 06:26:43,-17.53,146.03,73.96,82,58,10.25
508,Srednekolymsk,RU,2020-06-16 06:26:43,67.45,153.68,84.15,25,46,5.53
509,Mao,ES,2020-06-16 06:26:43,39.89,4.27,68.0,94,46,6.93
510,Lagoa,PT,2020-06-16 06:26:43,39.05,-27.98,63.63,81,0,11.86
511,Surgut,RU,2020-06-16 06:26:43,61.25,73.42,69.8,46,64,17.9
512,Nakuru,KE,2020-06-16 06:26:44,-0.28,36.07,63.05,81,82,4.41
513,Wangqing,CN,2020-06-16 06:26:44,43.32,129.76,75.16,49,79,7.36
514,Ippy,CF,2020-06-16 06:26:44,6.27,21.22,72.64,93,69,2.73
515,Kulhudhuffushi,MV,2020-06-16 06:26:44,6.62,73.07,84.9,78,98,17.76
516,Shimoda,JP,2020-06-16 06:26:45,34.67,138.95,81.0,74,20,12.75
517,Ilhabela,BR,2020-06-16 06:22:57,-23.78,-45.36,68.86,85,92,9.69
518,Galeana,MX,2020-06-16 06:26:45,24.83,-100.07,53.01,69,14,1.54
519,Purna,IN,2020-06-16 06:26:45,19.18,77.05,84.04,68,100,4.56
520,Luanda,AO,2020-06-16 06:22:05,-8.84,13.23,73.4,83,75,5.08
521,Warin Chamrap,TH,2020-06-16 06:26:46,15.19,104.86,87.8,66,75,9.17
522,Scharnstein,AT,2020-06-16 06:26:46,47.9,13.96,60.01,92,100,5.99
523,Aranos,NA,2020-06-16 06:26:47,-24.13,19.12,38.89,61,0,8.12
524,Samarai,PG,2020-06-16 06:26:47,-10.62,150.67,80.1,82,80,16.91
525,Olinda,BR,2020-06-16 06:26:47,-8.01,-34.86,78.8,78,75,12.75
526,Pacora,PA,2020-06-16 06:26:47,9.08,-79.28,78.01,94,40,3.36
527,Tres Arroyos,AR,2020-06-16 06:26:48,-38.37,-60.28,51.24,55,100,12.82
528,Minggang,CN,2020-06-16 06:26:48,32.46,114.05,85.24,76,95,6.4
529,Taguisa,PH,2020-06-16 06:26:48,6.7,124.04,84.31,68,4,4.43
530,Willmar,US,2020-06-16 06:26:48,45.12,-95.04,78.8,61,1,11.41
531,Ulladulla,AU,2020-06-16 06:22:22,-35.35,150.47,64.99,45,75,16.11
532,Vizinga,RU,2020-06-16 06:26:49,61.07,50.1,73.72,45,0,10.49
533,Bonavista,CA,2020-06-16 06:21:55,48.65,-53.11,45.0,79,100,1.01
534,Chicama,PE,2020-06-16 06:26:49,-7.84,-79.15,63.99,83,65,4.79
535,Jumla,NP,2020-06-16 06:26:49,29.27,82.18,68.0,92,12,1.01
536,Riyadh,SA,2020-06-16 06:26:49,24.69,46.72,104.0,11,0,6.93
537,Roebourne,AU,2020-06-16 06:26:50,-20.78,117.13,82.71,30,0,11.21
538,Chernyshevskiy,RU,2020-06-16 06:26:50,63.01,112.47,67.01,34,20,6.69
539,Lagos,NG,2020-06-16 06:26:50,6.58,3.75,77.0,100,20,3.67
540,Namie,JP,2020-06-16 06:26:51,37.48,141.0,79.0,64,75,18.34
541,Sabang,ID,2020-06-16 06:23:42,5.89,95.32,82.26,76,100,16.91
542,Kysyl-Syr,RU,2020-06-16 06:26:51,63.9,122.76,68.45,61,98,2.8
543,Kohtla-Jarve,EE,2020-06-16 06:26:51,59.4,27.27,67.77,80,0,5.26
544,Dongzhen,CN,2020-06-16 06:26:52,22.38,110.94,89.01,69,14,12.53
